{
  "_vertices": [
    {
      "_x": 26.902476886279832,
      "_y": 4.39453125
    },
    {
      "_x": 26.89780773281253,
      "_y": 4.385175704956055
    }
  ],
  "_arcos": [
    {
      "_verticeA": {
        "_x": 26.902476886279832,
        "_y": 4.39453125
      },
      "_verticeB": {
        "_x": 26.89780773281253,
        "_y": 4.385175704956055
      },
      "_distancia": 1.171068150103453
    }
  ]
}